t_step,value
127,0.2416849675172449
128,0.2399348608388145
129,0.2391602546489837
130,0.2550195806315109
131,0.235695493501466
132,0.2389937573646089
133,0.2476573034812723
134,0.2444437079983048
135,0.2485734578555802
136,0.2517556159334808
137,0.257753294202986
138,0.2402841169027394
139,0.2489273213318898
140,0.2426607802206469
141,0.245452431010684
142,0.2535093200332033
143,0.2459481277711363
144,0.2543501522835918
145,0.244396583137024
146,0.2493508355669944
147,0.2471267795243829
148,0.2533069283706906
149,0.2414966605934339
150,0.249605141979498
151,0.2532208215311099
152,0.2546655945616012
153,0.247635429964959
154,0.255144527129888
155,0.2512942130816174
156,0.2493905400176374
157,0.2585267602546675
158,0.2518780396219409
159,0.2469340686152992
160,0.2539946432980454
161,0.2508723637091192
162,0.251092793589707
163,0.2579380128142508
164,0.2581278362150924
165,0.2518848895656229
166,0.2572116890065175
167,0.2646177138812736
168,0.2547331280036571
169,0.2421674393193598
170,0.2600541637728176
171,0.262431798109986
172,0.2612284443310989
173,0.2532419811750799
174,0.2497890489265903
175,0.2616035934042081
176,0.2481282352890168
177,0.2546628275879143
178,0.2578356006252614
179,0.2549501198499976
180,0.2539513185500192
181,0.2601003377500538
182,0.2588014038734458
183,0.2576470300069418
184,0.2566865546951263
185,0.2569261554955424
186,0.2619435448407085
187,0.2544658794605952
188,0.2582563060012161
189,0.2572729148989782
190,0.2503765188151102
191,0.2753002017021278
192,0.2492437301490599
193,0.2674100773149446
194,0.2604416084725586
195,0.2660154575279767
196,0.2587302641338508
197,0.2598092223458903
198,0.2578701000391633
199,0.2667540983150568
200,0.2566600192209494
201,0.2640405570780425
202,0.2591063269930783
203,0.2640582995420141
204,0.2619186942682751
205,0.2581577605816053
206,0.2556630987252708
207,0.2622425534153974
208,0.2581633549034279
209,0.26149549832108
210,0.2604958240102042
211,0.2666623911771255
212,0.2648762130234387
213,0.2597540287125455
214,0.259379535164258
215,0.263620813183464
216,0.2585499886731868
217,0.2683602189461306
218,0.2649753169785365
219,0.2661254971813582
220,0.2734444191897365
221,0.2601644332763885
222,0.2656490044956032
223,0.2764040828403822
224,0.265143883760115
225,0.2663720581186042
226,0.2681066853270067
227,0.2690240756934815
228,0.2656022861004179
229,0.2716303440069374
230,0.2607943334615223
231,0.2727193191351736
232,0.2640559274748227
233,0.267874347547759
234,0.2686146746992628
235,0.2695239336422338
236,0.2740709566761916
237,0.2587206110801516
238,0.2697935747399941
239,0.2690491486727343
240,0.2743211676149086
241,0.2652239233508847
242,0.2675957879218633
243,0.262883557520634
244,0.2733948795412098
245,0.2700995359232442
246,0.2598496540500474
247,0.2740809789060304
248,0.2607958744695181
249,0.2560940346582664
250,0.2749699263382675
251,0.2690142861869932
252,0.2581318854967496
253,0.2712209579208693
254,0.2715804586665766
255,0.2708243665688267
256,0.2776305933915662
257,0.2750817688046754
258,0.2789282878204291
259,0.2692194401633351
260,0.2712257669859711
261,0.2812609142859367
262,0.2673391444725283
263,0.2726750860259944
264,0.2722817171534695
265,0.2815486174193429
266,0.2851862965718568
267,0.2705814898174919
268,0.2770107317817792
269,0.273789182079199
270,0.2667290127906018
271,0.268538515876504
272,0.2772250681451627
273,0.2774437044197557
274,0.2744187181046525
275,0.2758823853205221
276,0.2703586095640917
277,0.2768756890121133
278,0.2756040681965067
279,0.2757434688509808
280,0.273150088114383
281,0.2831686335664204
282,0.2732134735500512
283,0.2645839284937362
284,0.2740502481373451
285,0.2747594110925387
286,0.2659760868857363
287,0.2711759185325119
288,0.2852121893967361
289,0.2788001473585588
290,0.279450484381915
291,0.2753655043836165
292,0.2869238581171915
293,0.2758258010029467
294,0.2801101943540417
295,0.2817118357864335
296,0.2902057671139739
297,0.2744774397818216
298,0.2921971138168969
299,0.2807297459542968
300,0.2843011893325897
301,0.2849098451437331
302,0.2842468051939504
303,0.2835485210103259
304,0.2788794138927825
305,0.2817325583454966
306,0.2860840679935383
307,0.286916380759562
308,0.2891512110224287
309,0.2860145036385835
310,0.2854594125824726
311,0.282149551798343
312,0.2883593800477331
313,0.2745898950133409
314,0.2886796955307824
315,0.2891244235220706
316,0.2894588166694202
317,0.2829375862770367
318,0.2831262489774424
319,0.2856336492344746
320,0.284623523453216
321,0.2867607945968664
322,0.2902042043713004
323,0.2784396316509508
324,0.2880266185765112
325,0.30210991867141
326,0.2883210449614687
327,0.2856399668353892
328,0.2856436122743473
329,0.2895062574374526
330,0.2832106894734511
331,0.2872410737062974
332,0.2855464121548612
333,0.2803418176215682
334,0.2916591903881622
335,0.2856635310030594
336,0.282214131014501
337,0.2886823269122292
338,0.286054292171609
339,0.3055347235054677
340,0.2924434947878872
341,0.2934978995507413
342,0.2914025802279849
343,0.289917495837929
344,0.3054898057046832
345,0.2967061630669616
346,0.300278314392275
347,0.3046045514711231
348,0.2981677267420718
349,0.2949019413070362
350,0.2951181988217602
351,0.3083374610397209
352,0.2879426063328788
353,0.2966484109393345
354,0.2969490647951046
355,0.2940402300947943
356,0.2964602947548811
357,0.2923608604018097
358,0.2914703628462455
359,0.2945315575256826
360,0.3067875397331944
361,0.2975142879229499
362,0.2964629406003172
363,0.2873219677941825
364,0.2975087981940542
365,0.2941051646209386
366,0.2974101117007899
367,0.2915006155875125
368,0.297841373636625
369,0.2914685780102312
370,0.2989381181773956
371,0.299037924740769
372,0.2974714070707813
373,0.2948917711300426
374,0.2968480936220305
375,0.301475934267574
376,0.3015663917645521
377,0.2951570105401652
378,0.3007193613062621
379,0.3068366315942312
380,0.302178161223124
381,0.2989031170140002
382,0.2990451332818129
383,0.299989461290031
384,0.2979856899194936
385,0.3016096865322193
386,0.3039558285240854
387,0.295853283571476
388,0.2954075332204927
389,0.3021423903819
390,0.299350880506704
391,0.2998635634180468
392,0.295578799892747
393,0.2980397119913854
394,0.3054931936564239
395,0.300850835976942
396,0.2962718610206763
397,0.2919773511582545
398,0.2950173122603198
399,0.3032589218341823
400,0.3046532751565262
401,0.2981703178463957
402,0.2974402450702539
403,0.3039416163464095
404,0.3031506779523487
405,0.3002321773716125
406,0.2943237624399414
407,0.3025567485364807
408,0.3052554809359208
409,0.3094443867531005
410,0.3079491036847397
411,0.3002733078949021
412,0.3005020875307559
413,0.2973508631376599
414,0.2975652236938154
415,0.2987890863901945
416,0.3078035486243964
417,0.3019687852503684
418,0.3133139855493161
419,0.3014122781991848
420,0.3188429384111556
421,0.3054797002862694
422,0.307536368797804
423,0.3046929320176918
424,0.3095047887341465
425,0.2953052717266504
426,0.3198785096334077
427,0.3038391419458768
428,0.3004951868984551
429,0.3041040441506926
430,0.3105556718552418
431,0.311480053672335
432,0.307849101183171
433,0.3102349697381694
434,0.2983003345515124
435,0.3142579243562496
436,0.2998308437806273
437,0.3029426103090535
438,0.3040621252538441
439,0.3095701346708022
440,0.3051908139120826
441,0.3050660036627738
442,0.300346632474362
443,0.3119787197367352
444,0.3075321635989291
445,0.3002664315490997
446,0.3064525132923221
447,0.3165021608965019
448,0.3046990546213865
449,0.3082526249106347
450,0.3167039674831173
451,0.319784457449403
452,0.3129907993887118
453,0.3107330549855865
454,0.3189779291230599
455,0.2948390831602522
456,0.314207149295517
457,0.3018134426140119
458,0.3136456329322276
459,0.3080004979537728
460,0.3171396850002867
461,0.3069651378143593
462,0.3091100271564332
463,0.3044187438057433
464,0.3058340882608616
465,0.3071088784265324
466,0.3036391899782825
467,0.3115936999766621
468,0.3161606853752424
469,0.3060110604338787
470,0.3095130626535958
471,0.3020073515951272
472,0.3131786683283104
473,0.3077835198125537
474,0.3108668259504533
475,0.3078702102099718
476,0.3151136747517168
477,0.3113491482042055
478,0.31290774802228
479,0.3095712875298209
480,0.3118368710761071
481,0.3064522704056713
482,0.3113397796229824
483,0.3093126689066673
484,0.3078020866120739
485,0.3101149408543501
486,0.3029770535778208
487,0.3182699902496291
488,0.3034869093609412
489,0.3153173685353511
490,0.31515184518166
491,0.3133931536823504
492,0.3012464770268598
493,0.3171451873465803
494,0.3148913118445461
495,0.3143912822985418
496,0.3107293503508918
497,0.3143547572435328
498,0.3115241720318043
499,0.3133311682388663
500,0.3162717924081709
501,0.3132465593669233
502,0.3087586723861325
503,0.3109890062607895
504,0.3090187742153988
505,0.3279416341973969
506,0.3119617180730136
507,0.3132603954704297
508,0.3152342260906899
509,0.3123646843124544
510,0.313925775000929
511,0.3178079751984167
512,0.313459684262398
513,0.3092870695161388
514,0.3114732837270443
515,0.3108481957781072
516,0.3186443135497897
517,0.3251704380330568
518,0.3085851300140999
519,0.3179198403067614
520,0.3139564559940817
521,0.3201434681600199
522,0.3191038102610593
523,0.3105862346255156
524,0.3180859701768146
525,0.3140695774287431
526,0.3121074294203476
527,0.3126788980796423
528,0.3149601105805386
529,0.3217728447695285
530,0.317761146004739
531,0.3189850158782373
532,0.3147215097679033
533,0.3250930895759495
534,0.3206192596571017
535,0.3131898100939778
536,0.31265471154956
537,0.3179385081347604
538,0.3186785728066341
539,0.3222276676322903
540,0.3267693064001092
541,0.3191440164953431
542,0.3200092852508138
543,0.3053115377095716
544,0.3137507283103423
545,0.3247984094125289
546,0.3255054731019495
547,0.3170533913028456
548,0.3101377171679
549,0.3214944282273601
550,0.3169060555880109
551,0.3237140970682239
552,0.3177747587323072
553,0.3200869039353323
554,0.3207888928057861
555,0.3170042893981862
556,0.3245953232705961
557,0.3236070457461886
558,0.3138258930360866
559,0.3233501345550907
560,0.3247687766621467
561,0.3172990534894835
562,0.3111495166346608
563,0.3237177065675723
564,0.3226340153269614
565,0.3237074098012479
566,0.3273039272456628
567,0.3262934413853369
568,0.3189941814241015
569,0.3170233185760049
570,0.3231839331756247
571,0.3304125711546637
572,0.3183389083303724
573,0.3160676704713661
574,0.3229119344554044
575,0.3201069878129182
576,0.3220979097574941
577,0.3222088008664873
578,0.3143565629003341
579,0.3277047233149468
580,0.314842735793462
581,0.3180926067427709
582,0.3154470006453619
583,0.3264240483113443
584,0.3181815084263154
585,0.3278099572535661
586,0.3238365280214734
587,0.324861559420193
588,0.3208681153176341
589,0.3236640671230361
590,0.3177126578298788
591,0.3247611509743529
592,0.3319423468988096
593,0.3251976514937366
594,0.3331632783163951
595,0.3196161814624111
596,0.325650697695061
597,0.3220783841577757
598,0.3236766039941188
599,0.3180886848069068
600,0.3309242224812325
601,0.3304650544673117
602,0.3264385864962763
603,0.3287823725330098
604,0.3181743110472431
605,0.3259010955549281
606,0.3276342390464245
607,0.3204915910145199
608,0.3190925120599158
609,0.3264901956230947
610,0.3238253790443897
611,0.3326160023581664
612,0.3171208792596302
613,0.3287821009623947
614,0.3243283872497192
615,0.3328729364257164
616,0.3228796859720603
617,0.3180976264091769
618,0.332645630896675
619,0.3299085439977701
620,0.3222111858405078
621,0.3296853738759955
622,0.3275997073852572
623,0.3225202619246974
624,0.3301288950497451
625,0.3304738031011344
626,0.318370887200536
627,0.3256494479519358
628,0.3202672385543189
629,0.3254626115847737
630,0.3289239764194116
631,0.3304799430652345
632,0.3309300841382225
633,0.3213086133918624
634,0.3283197127969942
635,0.3184724721585064
636,0.3171314628974252
637,0.3285014154033424
638,0.3353258214630037
639,0.3265854840984456
640,0.3287819961893279
641,0.3388187866959552
642,0.3245218775264952
643,0.3171257560810017
644,0.3280211612416301
645,0.3160563727414656
646,0.3234415522907326
647,0.324934794254578
648,0.3341948549771726
649,0.3273725946992196
650,0.3295572878036353
651,0.3386159951333488
652,0.3264630985779227
653,0.3227271449070705
654,0.3416874626508201
655,0.3265852942455045
656,0.3343025853436908
657,0.325947648190821
658,0.3223883552155469
659,0.3214845681017153
660,0.3239558637116483
661,0.3264497947737264
662,0.3267512955399189
663,0.3278911095148356
664,0.329560628710284
665,0.332140358315985
666,0.3331629751887049
667,0.3167248579246517
668,0.3272187305512909
669,0.3336886978973307
670,0.328602279378151
671,0.3330253523788405
672,0.3310776026436394
673,0.3260702981402189
674,0.3224715762387942
675,0.3367120540676996
676,0.3302397535102592
677,0.3281747622767041
678,0.3333854184902317
679,0.3259349981785449
680,0.3272899963158046
681,0.3268860984583939
682,0.3237613926084076
683,0.3214199418616698
684,0.3414776897553945
685,0.3357748609243518
686,0.3318538419082588
687,0.328318235640653
688,0.3248092926830061
689,0.336382016682599
690,0.340283991835996
691,0.3350280122332654
692,0.3460316212620833
693,0.3357336121838886
694,0.3226430124490659
695,0.3342060549149651
696,0.3318943534682095
697,0.3371529466686758
698,0.3340875441676945
699,0.33557956825877
700,0.3263378419375026
701,0.3316897847119672
702,0.3313581308611011
703,0.3315075305917302
704,0.333906697875559
705,0.3308342536551077
706,0.3365485383143442
707,0.3304980883211143
708,0.3219007765616821
709,0.3374804872408339
710,0.3353526207384195
711,0.3451326907257714
712,0.3378344164833077
713,0.3351203845318112
714,0.3275149443977301
715,0.3273243046795305
716,0.3382974586956407
717,0.3359391475186469
718,0.3302326821252707
719,0.324085207854246
720,0.3331431454744119
721,0.333927146668562
722,0.3347344617843393
723,0.334601048939353
724,0.3215858824550294
725,0.3312707846656388
726,0.3306514372354844
727,0.3395604164683634
728,0.3339198608090231
729,0.340372917985659
730,0.3290568579724786
731,0.3402559334350156
732,0.3397884986010632
733,0.3365137451938852
734,0.3382129544754144
735,0.3417813829814229
736,0.3271288919335695
737,0.3354728184961811
738,0.3369058661696274
739,0.3280096421610723
740,0.3440250189195776
741,0.3404847465926331
742,0.3330646021235718
743,0.3250576978778796
744,0.3330248086217832
745,0.3349304636542405
746,0.3294970207455821
747,0.3448442561146679
748,0.3375081710768035
749,0.3328957960918789
750,0.3294865040137336
751,0.3393396911843503
752,0.334802469857291
753,0.3413182973125484
754,0.3314781415721963
755,0.3369792102858033
756,0.3357975965598166
757,0.3347854289029199
758,0.3449804010882829
759,0.3395369809675109
760,0.3267891453412062
761,0.3366008474008532
762,0.3332408626536359
763,0.3239433996436336
764,0.3440745437895741
765,0.3306293022127328
766,0.336630840772044
767,0.3421127097546651
768,0.3486132548566037
769,0.3311351815406735
770,0.3430746323327958
771,0.3401895025312558
772,0.3422516265516901
773,0.3453475773842809
774,0.3399272775755327
775,0.3428794423171304
776,0.3355836873786452
777,0.3348534735579313
778,0.3427071702875346
779,0.3268213532707618
780,0.333816045097123
781,0.3404108966054004
782,0.3426025371186357
783,0.3451833826796041
784,0.3487159482341241
785,0.3434543300194588
786,0.334079116284536
787,0.3321918427132868
788,0.3390998507464424
789,0.3325799071690833
790,0.3324960721938273
791,0.3407499941164068
792,0.3403365822815251
793,0.334470243219052
794,0.3450455637774511
795,0.3442638221628782
796,0.3473309281557851
797,0.3319142392699269
798,0.3492084819244214
799,0.338437984431947
800,0.3302824245331063
801,0.3393476886200336
802,0.3435133580769138
803,0.3293417239814071
804,0.3379172330989393
805,0.3377237662731175
806,0.3418681660719453
807,0.3433336158272286
808,0.333850335357616
809,0.3465325255714592
810,0.3354240350338578
811,0.3395359963818962
812,0.3337561739229006
813,0.3417507362165359
814,0.3328434465021322
815,0.3344657929915833
816,0.3349412123383951
817,0.3446365708418447
818,0.3385867106557378
819,0.3383351459416402
820,0.3346311495485402
821,0.347669295132193
822,0.3406207531709236
823,0.3424385654781864
824,0.342521782302376
825,0.3469732894711212
826,0.3430056859685652
827,0.3367155684164059
828,0.3464779318520566
829,0.3405003365081773
830,0.3444926820385598
831,0.3375966260315572
832,0.3396919004510321
833,0.3371767921449783
834,0.3273138378348039
835,0.3507413358525666
836,0.3374123697400144
837,0.3444581628937542
838,0.3415112728317215
839,0.339238378101707
840,0.3374342954821986
841,0.3303965070322035
842,0.3463275175635343
843,0.3392593257021348
844,0.3383524207603685
845,0.3420632306373738
846,0.3454441610548588
847,0.3473105643620105
848,0.3428103822289934
849,0.3378730940394662
850,0.3503177790701809
851,0.3456536480289948
852,0.3406009619426288
853,0.3337860854658897
854,0.3471851875985947
855,0.3308050917058325
856,0.3400318674750193
857,0.3545368547259374
858,0.3527342972312986
859,0.3401543263563432
860,0.3336121360466715
861,0.3397397859590285
862,0.3378460395869864
863,0.3300225608251063
864,0.3347496666198234
865,0.3461418751022581
866,0.3381986868427036
867,0.3388630422199089
868,0.3460902192473655
869,0.3545241986398361
870,0.3481716546856631
871,0.3396808973750932
872,0.3423440788624785
873,0.3453910990144633
874,0.3400328118749709
875,0.3397907624884193
876,0.3368576270256442
877,0.340759683379678
878,0.3411398934956497
879,0.3480032917155998
880,0.3477064225801206
881,0.3481665934553102
882,0.3443027280254006
883,0.3480836530012648
884,0.3340245808014292
885,0.3457340137364082
886,0.3317850192045348
887,0.339389996526231
888,0.3381618133477664
889,0.334874879478812
890,0.3379563785047695
891,0.349677087057852
892,0.3422677375486488
893,0.3425629994735991
894,0.3446755162982625
895,0.3392006212586947
896,0.3352830533946606
897,0.3429768869956339
898,0.3485803012384323
899,0.3303373175583117
900,0.3386036901248854
901,0.3480957092647074
902,0.3385885560805048
903,0.3481720689204582
904,0.3440940101348508
905,0.3416941488784932
906,0.3534687174402999
907,0.336681374492716
908,0.3418362890680271
909,0.3397400911405022
910,0.3481161677973644
911,0.3448492824561125
912,0.3551368214575895
913,0.3425174359095003
914,0.3517518733565513
915,0.340180133911496
916,0.3466334559988592
917,0.3412388802300407
918,0.3436413636151124
919,0.3478453972883946
920,0.3449898734886764
921,0.347371359352445
922,0.3453491897399275
923,0.3525875481062794
924,0.3502776493012253
925,0.3468987981454171
926,0.3500467903365876
927,0.3489296559121265
928,0.3381869647472253
929,0.3405103543452059
930,0.3385308785215573
931,0.3534280541748835
932,0.3448519281100184
933,0.3628600419664218
934,0.3463442100630428
935,0.3405805960566844
936,0.3368999188493842
937,0.3430741942097448
938,0.3474592336242361
939,0.3558407372331136
940,0.3484678850377591
941,0.3449355962914306
942,0.341325433331952
943,0.3441228955424782
944,0.3438708258888079
945,0.3451211049214354
946,0.3333288570717486
947,0.3524315067232213
948,0.3462768504295271
949,0.3399170708371651
950,0.3568409837109498
951,0.3463529099448365
952,0.3484612779694898
953,0.3434910825390974
954,0.3413680123723291
955,0.3498555821366987
956,0.3458288983128326
957,0.3490665150483849
958,0.345439858072534
959,0.3434752974805878
960,0.3496018964477436
961,0.3366489374703886
962,0.3430406612674205
963,0.3479535700750174
964,0.3436649276450106
965,0.3425995875371287
966,0.3540540343850104
967,0.346907746292679
968,0.3465036574130029
969,0.3361988483039517
970,0.3432430395670238
971,0.3471395111967252
972,0.3518205711151876
973,0.340924919212364
974,0.3491164958927261
975,0.3442061080235624
976,0.3381544237029103
977,0.3413170488653929
978,0.3478402555059606
979,0.3552955782949384
980,0.3560683240555748
981,0.3455220641069138
982,0.3468822979730927
983,0.3486083183300061
984,0.3534319286986396
985,0.3552633748377652
986,0.344790815735616
987,0.3510525898441837
988,0.3495615015686385
989,0.3421570091335149
990,0.3514346444630321
991,0.3453185649241206
992,0.3365489253497593
993,0.3574687210839753
994,0.3515090468483065
995,0.3446016493066373
996,0.3434606175252861
997,0.3490745905613087
998,0.3466960141871237
999,0.3469638663878649
1000,0.3447363953128305
1001,0.3488741171036127
1002,0.3485788407235073
1003,0.3412670527852117
1004,0.3458192225704963
1005,0.3448046606862682
1006,0.3590441225552285
1007,0.3560687102910896
1008,0.3442664698930993
1009,0.3409864965091965
1010,0.3374578337833166
1011,0.3459260690456394
1012,0.3536143555458405
1013,0.3422780914357072
1014,0.3370951409729478
1015,0.3430250783085329
1016,0.3493039840092894
1017,0.3464581785909922
1018,0.3525242997788149
1019,0.3475746516935517
1020,0.3422042484297085
1021,0.35156500189062
1022,0.3464703003897532
1023,0.3502498080533669
1024,0.3452360448802767
1025,0.3453573131463893
1026,0.3552327680470388
1027,0.3394485688206513
1028,0.3432568734286988
1029,0.3554010378771576
1030,0.3503495777940925
1031,0.3489193793735043
1032,0.3509543351705552
1033,0.347486521949585
1034,0.3515523285545324
1035,0.3424668592793235
1036,0.3473843297886265
1037,0.3436630413115689
1038,0.3496394750979584
1039,0.3424350845840655
1040,0.3506688135380774
1041,0.3504135002920759
1042,0.3547137619122386
1043,0.3576048922934748
1044,0.3419316194187848
1045,0.3454608014538229
1046,0.3394692543351671
1047,0.3526937175598804
1048,0.3524156730605068
1049,0.3515092512391119
1050,0.3472000308429407
1051,0.3412221578408201
1052,0.3482199541246358
1053,0.3491362283743623
1054,0.3583845892088054
1055,0.3506253212066507
1056,0.3529699319867819
1057,0.350052832341192
1058,0.3575027467440168
1059,0.3608602417643627
1060,0.3618848445098819
1061,0.3505173295906431
1062,0.3462898740185285
1063,0.3510717435050316
1064,0.3592681149578823
1065,0.3642196133259104
1066,0.3533649371842434
1067,0.3482286968526049
1068,0.3489054305644865
1069,0.3465457066211335
1070,0.348023551109329
1071,0.3474350673519491
1072,0.3432189186841297
1073,0.3614718463896883
1074,0.354058786503416
1075,0.3448972678317983
1076,0.3451902977685591
1077,0.3530828247533005
1078,0.3508514279886887
1079,0.3482734076622172
1080,0.358799285151789
1081,0.345432424884259
1082,0.3525288948156292
1083,0.3497149337005699
1084,0.3528999394477911
1085,0.3447518923471734
1086,0.3459387355214849
1087,0.3470352656132025
1088,0.3440993263666336
1089,0.3464982098549292
1090,0.3460029357416087
1091,0.3484193876218119
1092,0.3475702311767471
1093,0.3480717982278419
1094,0.3399358346901772
1095,0.3505799915540393
1096,0.3566959518506684
1097,0.3379783154209638
1098,0.3466338000349427
1099,0.3477831960477755
1100,0.3413190417666929
1101,0.348148520458616
1102,0.3544917766422157
1103,0.3457228859082037
1104,0.3515483230539811
1105,0.3517234580017169
1106,0.3492161318578056
1107,0.3493349879126268
1108,0.3553718273304914
1109,0.3494659981674911
1110,0.3478243849646653
1111,0.3579727073104272
1112,0.3427921208928453
1113,0.3510928556230573
1114,0.3331527125431274
1115,0.3424238378141646
1116,0.3554023136958772
1117,0.3541214277243826
1118,0.3550151170943592
1119,0.3487321375673601
1120,0.3464212982015252
1121,0.3447783607188598
1122,0.3618730654793308
1123,0.35410057890621
1124,0.3460039652513163
1125,0.348548596091096
1126,0.3457240216176055
1127,0.341397601525395
1128,0.3502028945837723
1129,0.3481148456457665
1130,0.3538181690449963
1131,0.3527858353343783
1132,0.3517756939781175
1133,0.3528996181080949
1134,0.3547200910657226
1135,0.3397732079242053
1136,0.352293482939945
1137,0.3519715473026908
1138,0.3446855216651001
1139,0.3389493707847603
1140,0.3449241727837647
1141,0.3534202548774097
1142,0.3477685899667299
1143,0.3420684916810818
1144,0.3576114263540624
1145,0.3510631129924266
1146,0.3546085351012341
1147,0.3569691178521745
1148,0.3470141074609211
1149,0.3467741927307212
1150,0.344842956732347
1151,0.355559056418265
1152,0.3539107353308315
1153,0.3449769188922648
1154,0.3554988262879515
1155,0.3523622845889999
1156,0.3490426391397108
1157,0.3525207860379888
1158,0.3541199568303441
1159,0.3530505620161779
1160,0.3554180970439318
1161,0.3469400594049155
1162,0.3514200602518122
1163,0.3566847515921495
1164,0.3545826973948952
1165,0.3554901806585661
1166,0.3483469793734791
1167,0.3434697653735853
1168,0.3588621455876098
1169,0.3447736946742712
1170,0.3440774230805238
1171,0.3511334527574073
1172,0.3521472334633469
1173,0.3614192793348091
1174,0.3521110167103928
1175,0.3542304293402979
1176,0.3605302880153174
1177,0.3511758111447371
1178,0.3474821719385624
1179,0.3431623267984964
1180,0.3442259798056359
1181,0.3514215390697669
1182,0.3574072365649471
1183,0.353031384740114
1184,0.35397955294595
1185,0.3532604546865472
1186,0.3547298851406014
1187,0.3463179106803233
1188,0.3481823775736959
1189,0.3458487942311329
1190,0.3449983933118688
1191,0.3527482466826435
1192,0.3462951343780347
1193,0.3478487221248519
1194,0.3510438117969592
1195,0.3380021503155039
1196,0.3554678269752351
1197,0.350391646185334
1198,0.3492129089975785
1199,0.3498116241551995
1200,0.3481574887481043
1201,0.3531038709396357
1202,0.3537100498784099
1203,0.3513624593379396
1204,0.3457705801689648
1205,0.3502035886793174
1206,0.3547364731607305
1207,0.3486140165843053
1208,0.3492042447072675
1209,0.3511480210492186
1210,0.3466553990239233
1211,0.3446744210716254
1212,0.3511097474310735
1213,0.344124983377259
1214,0.3487473686122246
1215,0.3562635879757308
1216,0.3491106440857471
1217,0.3485779735638387
1218,0.3466278833373877
1219,0.3471224526347533
1220,0.3528724855907019
1221,0.345921480985615
1222,0.3482307749549563
1223,0.3466550377325156
1224,0.3458010771942592
1225,0.3534487359825643
1226,0.34012727058615
1227,0.3515148120823102
1228,0.3489014219723221
1229,0.3567550904979105
1230,0.3593208679738658
1231,0.3475109850331459
1232,0.355155046393092
1233,0.3481540659895103
1234,0.3575487448462112
1235,0.3491777182640089
1236,0.3431575666918434
1237,0.3528971301758589
1238,0.3588951007593428
1239,0.3625278945275735
1240,0.3492618945488538
1241,0.3530333836849287
1242,0.3528794301481388
1243,0.353312659361801
1244,0.3562888830257946
1245,0.3550692372136673
1246,0.3479691083166261
1247,0.3501473899615967
1248,0.3556549993434215
1249,0.3456626636320767
1250,0.357085144275525
1251,0.356269264680307
1252,0.3501851313609257
1253,0.3462859944105937
1254,0.3586453411135668
1255,0.3568998519218199
1256,0.3535495870920187
1257,0.3475976887685639
1258,0.3539166527512595
1259,0.3556292755969318
1260,0.3622674406960109
1261,0.3388334681360558
1262,0.3659568178356437
1263,0.35555415897486
1264,0.3458387430642837
1265,0.3509716712673654
1266,0.3458228496242169
1267,0.3497699181652526
1268,0.3631439743988444
1269,0.3489044010614813
1270,0.3514121339726662
1271,0.3476455649690612
1272,0.3486295038254088
1273,0.3573501051046705
1274,0.3468449432276665
1275,0.3538022259044107
1276,0.3404505580363877
1277,0.3544528802269683
1278,0.3553023053700306
1279,0.3361738298096716
1280,0.3467847814552084
1281,0.3601132324820688
1282,0.34340280523284
1283,0.3457157340815931
1284,0.3440660725612845
1285,0.3530092695074482
1286,0.3588269949863021
1287,0.3450346568824868
1288,0.3498867735460774
1289,0.3511565608586914
1290,0.346687491629725
1291,0.3501197739931471
1292,0.3478474803687694
1293,0.3507439801234854
1294,0.357785567011057
1295,0.3631405326824534
1296,0.3529517649530148
1297,0.3429466899472508
1298,0.3440415813315487
1299,0.3552659125099969
1300,0.3401004971402367
1301,0.3497938295044804
1302,0.3475219526218029
1303,0.3495558816708186
1304,0.3506293858108184
1305,0.349751998537821
1306,0.3506369570065865
1307,0.3531100280910191
1308,0.3402514320111059
1309,0.3508589778643451
1310,0.3517380828680367
1311,0.3547447834088938
1312,0.3488244233661253
1313,0.3548298059749401
1314,0.3454686548050544
1315,0.3532251441320263
1316,0.3598804814749974
1317,0.3509086031364666
1318,0.3553738730835755
1319,0.3414883613332639
1320,0.3489502000370226
1321,0.3634161626691718
1322,0.3574070897714014
1323,0.3407837798621193
1324,0.3517199873694994
1325,0.3324273084284397
1326,0.3468885316204326
1327,0.3386038846177995
1328,0.3452394925309292
1329,0.3502651160934155
1330,0.3535005676459398
1331,0.3459847628224188
1332,0.345667426844069
1333,0.3615869310139035
1334,0.3554187567496997
1335,0.3530044100317064
1336,0.3493965827240149
1337,0.3513029291010288
1338,0.3429201283846295
1339,0.3426401033171702
1340,0.3401794274879103
1341,0.3477286122282655
1342,0.3515866855608496
1343,0.3418005745151934
1344,0.3592535732644238
1345,0.3542424320099227
1346,0.351579499574674
1347,0.3578438372029773
1348,0.3493619305660867
1349,0.3445997036164978
1350,0.3504999201943494
1351,0.3481629377633118
1352,0.3548101876714895
1353,0.3398450719082662
1354,0.3522939812385167
1355,0.3449036505874849
1356,0.3493735969139957
1357,0.3453842361920695
1358,0.3544699183929307
1359,0.3464462679659946
1360,0.346636005194839
1361,0.348011569819984
1362,0.3489162670505243
1363,0.3557034094008474
1364,0.3535035784379239
1365,0.3421685344317658
1366,0.3552215836992404
1367,0.3556882873896612
1368,0.3494513229507358
1369,0.3524875753230588
1370,0.3575768819018108
1371,0.3518257113491222
1372,0.3516048289064011
1373,0.3489212228144222
1374,0.348028475661057
1375,0.3600881673335773
1376,0.3408693080880984
1377,0.3508781549146574
1378,0.3450863046398433
1379,0.3483299345704659
1380,0.3525575223910707
1381,0.3469994305088097
1382,0.3450505614479483
1383,0.3593678736986075
1384,0.3564452459179419
1385,0.3512428008838268
1386,0.3561574827738932
1387,0.3523386910835042
1388,0.3514504501918555
1389,0.3491425727737758
1390,0.3553887080754842
1391,0.3462296074220329
1392,0.3485270157455105
1393,0.3422540436716628
1394,0.356922369873273
1395,0.3479526113126503
1396,0.3476571253956123
1397,0.3533977997804399
1398,0.3494006623307448
1399,0.3463518997341564
1400,0.3527443660052679
1401,0.3477862604224104
1402,0.3445800651488289
1403,0.3425827587001872
1404,0.3512530297436255
1405,0.3492599315140906
1406,0.3458897541020406
1407,0.3491177753626243
1408,0.3487719172582044
1409,0.3541666082819943
1410,0.3509324930747451
1411,0.3489333379851316
1412,0.3467963365717291
1413,0.355172549386176
1414,0.3525074450279454
1415,0.3579123872164339
1416,0.3600957171562977
1417,0.3528512879681433
1418,0.3551294420833563
1419,0.3577490837819781
1420,0.3523601355999953
1421,0.3530955078232118
1422,0.3549904962501584
1423,0.3504874775764189
1424,0.3466470620825645
1425,0.3493610912994326
1426,0.3590435260852706
1427,0.3431754478827319
1428,0.345969777303158
1429,0.3520244599149061
1430,0.3497759368011611
1431,0.3522258085862509
1432,0.3583244546006511
1433,0.3515070632207636
1434,0.3468394464485989
1435,0.3576200845141856
1436,0.3608601347444594
1437,0.3508921772783872
1438,0.3643456570673477
1439,0.3522169802098124
1440,0.3478293493521672
1441,0.3566713188306409
1442,0.3511684173436849
1443,0.3510936549198868
1444,0.3424014719401549
1445,0.3568471162315982
1446,0.3523092885980254
1447,0.3401606446738942
1448,0.3418961680116025
1449,0.3463818842894475
1450,0.3535173518745498
1451,0.3442269288863438
1452,0.3497675177936847
1453,0.351752717232361
1454,0.3461730566616495
1455,0.3502416028935711
1456,0.3339064576390223
1457,0.3529234838677261
1458,0.3470766909501734
1459,0.3512945862219682
1460,0.3527663097330532
1461,0.3563082831047102
1462,0.347156010432094
1463,0.3552097638385225
1464,0.3521898796521708
1465,0.354418043571782
1466,0.3475875139996098
1467,0.3616376936009985
1468,0.3591868994344643
1469,0.3551303496673708
1470,0.3407052843869437
1471,0.3483961261168343
1472,0.3495200659695602
1473,0.3541947086243036
1474,0.3396477691455628
1475,0.3459560264529374
1476,0.3490908031371558
1477,0.3501589946454785
1478,0.3529405516574714
1479,0.3425236425234424
1480,0.3465479024381132
1481,0.3501533327117374
1482,0.348066163113108
1483,0.3524727254377138
1484,0.3480226860535453
1485,0.3521920220823915
1486,0.3552086842780911
1487,0.3427726361027078
1488,0.3458032143951611
1489,0.345117870360206
1490,0.3555727006971493
1491,0.3456500721143524
1492,0.3525800518364562
1493,0.3525066552354208
1494,0.343899719293457
1495,0.3515061172018631
1496,0.3574067748450824
1497,0.3541291579723598
1498,0.3442998744993291
1499,0.3591520970190589
1500,0.346388472208507
1501,0.3593200349949501
1502,0.3436796759068786
1503,0.3543412737009239
1504,0.3495712437820659
1505,0.3488261607402056
1506,0.3524172411301455
1507,0.3491334765009818
1508,0.3463002816738822
1509,0.3419384326932042
1510,0.3454191401910517
1511,0.3495156085868092
1512,0.3669535382354238
1513,0.3485749443186037
1514,0.3470626338779818
1515,0.3532320516252254
1516,0.354843254005894
1517,0.3516388558320526
1518,0.3558970777001817
1519,0.3519209028917142
1520,0.35262615286557
1521,0.3583192781037363
1522,0.3561328080603085
1523,0.3516382810798887
1524,0.3521878477681024
1525,0.336447698971857
1526,0.3503948426201115
1527,0.3574271095323742
1528,0.3533562483150133
1529,0.3435379290200688
1530,0.3548955403461848
1531,0.3556899286058892
1532,0.3585104093885293
1533,0.3450999885175914
1534,0.3559384342277229
1535,0.3553930239268984
1536,0.3447673438984674
1537,0.3448616320398879
1538,0.3454192426309371
1539,0.3510133757837126
1540,0.343791941968364
1541,0.3492626627353852
1542,0.3495033125727071
1543,0.3564145069469763
1544,0.3549556866136394
1545,0.3534544826628165
1546,0.3497496946629335
1547,0.3513033226982421
1548,0.3393298419638223
1549,0.3483760867798375
1550,0.3592461711360918
1551,0.3476830794343079
1552,0.351420843715962
1553,0.354518230632571
1554,0.3605424491958823
1555,0.351883141026944
1556,0.3507778641684179
1557,0.3445347928905866
1558,0.352944422746376
1559,0.350172779131211
1560,0.3583869533684493
1561,0.3417008094161671
1562,0.3603469312463469
1563,0.3470802033654339
1564,0.3586787128656194
1565,0.3517977845425254
1566,0.3534695184901147
1567,0.3431269438552159
1568,0.3588659253146355
1569,0.3492631025075179
1570,0.3526233630131646
1571,0.3590902829276831
1572,0.3465918873782451
1573,0.3462144979860906
1574,0.3494942792048052
1575,0.3473476747614938
1576,0.3495868487616159
1577,0.3491405541103818
1578,0.3515441074982313
1579,0.3500397325408153
1580,0.352358162285359
1581,0.3497987518617415
1582,0.3400331921275298
1583,0.3471981238092955
1584,0.3597661653109144
1585,0.353817525343793
1586,0.3480965347821278
1587,0.3550385820274757
1588,0.349616495149213
1589,0.3407654920189142
1590,0.341513309257959
1591,0.3560370284130633
1592,0.3518343789321358
1593,0.3570209686027293
1594,0.3535099840789702
1595,0.3431793057022875
1596,0.3504872925064514
1597,0.3576025595071085
1598,0.3421767873609903
1599,0.3531681204652229
1600,0.3462262854318965
1601,0.3452396826642462
1602,0.340948360315309
1603,0.3485298786572569
1604,0.3489922485716459
1605,0.3557345654133761
1606,0.347364289210003
1607,0.3513902184854169
1608,0.3547559325190645
1609,0.3479765736440671
1610,0.3381747743494047
1611,0.3428964799574393
1612,0.3448016850157341
1613,0.3488118415165723
1614,0.3459844890656644
1615,0.3371591978326955
1616,0.3497876597885945
1617,0.3580222589865424
1618,0.3580034333606428
1619,0.3512942491948232
1620,0.3428789672222005
1621,0.3475195485689414
1622,0.3616710837370864
1623,0.3439865402450165
1624,0.3510850500738764
1625,0.3499160501808049
1626,0.3367766266257716
1627,0.3451711807762457
1628,0.3419124124030813
1629,0.350516788136442
1630,0.3488394393706016
1631,0.3532086548952781
1632,0.3592070099660893
1633,0.3524631487501034
1634,0.3445228602192855
1635,0.347748267486712
1636,0.3480180184507198
1637,0.3473618061081937
1638,0.3423132993054735
1639,0.3488152923446645
1640,0.3490577206441177
1641,0.3486668280344357
1642,0.3545437125473717
1643,0.3400024299871932
1644,0.3454868774769838
1645,0.3482277312898821
1646,0.3452279175944273
1647,0.342387243733618
1648,0.3425927224936324
1649,0.3428701881735309
1650,0.3543726789710418
1651,0.3441594103597397
1652,0.3388650394842076
1653,0.3604697835603494
1654,0.3460716824322947
1655,0.3402556198426797
1656,0.3450191306610321
1657,0.3569540129155823
1658,0.3473576145833675
1659,0.3452765388057739
1660,0.3468492213883651
1661,0.3405107127833004
1662,0.351493137180447
1663,0.34708382560107
1664,0.3464128990932433
1665,0.3499686470578087
1666,0.3502757764007714
1667,0.342708150085606
1668,0.3450745428377693
1669,0.3513480320684834
1670,0.3467679698301621
1671,0.3535364361055329
1672,0.3471892679444949
1673,0.348045864045634
1674,0.3531362248345353
1675,0.3476650219509646
1676,0.3409152144739376
1677,0.3398640561372034
1678,0.342445707681861
1679,0.3527289722908086
1680,0.3567882877974574
1681,0.3451680902420579
1682,0.3444671307627093
1683,0.3472827157896149
1684,0.3545739013455524
1685,0.3410150370503726
1686,0.3440794826901571
1687,0.3549842508874548
1688,0.3445654400688409
1689,0.3452020445319594
1690,0.3477890747499926
1691,0.3392179650925633
1692,0.3473658234329732
1693,0.3392404937593386
1694,0.3417145703776062
1695,0.3522317690157708
1696,0.3495337517790822
1697,0.3513392663771795
1698,0.3442579898767907
1699,0.3397213958381743
1700,0.3355113058405907
1701,0.3462706321925627
1702,0.3364165057853631
1703,0.3475650502864262
1704,0.3475047794045785
1705,0.3516437519875179
1706,0.3448582267165583
1707,0.3435923674250512
1708,0.3492229357933454
1709,0.3472733586235689
1710,0.3524259435882894
1711,0.3467065303903761
1712,0.3431815871284632
1713,0.3351376815780316
1714,0.3399034167559585
1715,0.3546151845107412
1716,0.3443312846986566
1717,0.3429559098573814
1718,0.3389840594252263
1719,0.3395194150652746
1720,0.3388242020447662
1721,0.3425829594752247
1722,0.3435120790952792
1723,0.3449541053171245
1724,0.3494385749644812
1725,0.342860942333771
1726,0.3519331917737077
1727,0.3474857676397458
1728,0.3474278556479291
1729,0.3400649065362569
1730,0.3339820482316114
1731,0.3396146705277623
1732,0.3433966786023198
1733,0.3450738576842752
1734,0.3476042181380345
1735,0.3405690824805787
1736,0.3441322903080029
1737,0.3577377342438312
1738,0.3381485646824274
1739,0.3395845364770152
1740,0.3432080232905393
1741,0.3479214029489598
1742,0.3446359925955767
1743,0.3524566524912496
1744,0.3409957487235958
1745,0.3410120347014664
1746,0.3386985605837381
1747,0.3468519471825785
1748,0.347035869231675
1749,0.3511559281515305
1750,0.352442805178007
1751,0.3435548925293467
1752,0.3383718069774608
1753,0.3559439760932017
1754,0.3536194347593577
1755,0.354549582770624
1756,0.3491163969097292
1757,0.3400595716199531
1758,0.3368866953126178
1759,0.3501103917552235
1760,0.3519585936168146
1761,0.3451845396873257
1762,0.340667855777133
1763,0.3419339581471213
1764,0.3404899200934894
1765,0.3445076402247825
1766,0.339313375764246
1767,0.3533833424326703
1768,0.3438510934303698
1769,0.3385464914899491
1770,0.3522821887957986
1771,0.3403992559925831
1772,0.3461179819652631
1773,0.3455634485620422
1774,0.3435131247967748
1775,0.3451194401799293
1776,0.3402692266425364
1777,0.3346173383252327
1778,0.3290543208735582
1779,0.3362495290141064
1780,0.3461361304850027
1781,0.3432642801966805
1782,0.3365659565815884
1783,0.3428127359075077
1784,0.3367630246856616
1785,0.3416049638836312
1786,0.3382027877709459
1787,0.3486536312060616
1788,0.3469551819269774
1789,0.3434773686700337
1790,0.339557783561493
1791,0.3497306431844114
1792,0.3432695439482681
1793,0.3481163689512592
1794,0.3493791622491727
1795,0.3396777634096733
1796,0.3454221215118633
1797,0.3417601454226726
1798,0.3450131164816317
1799,0.3491499505764086
1800,0.3483300811297785
1801,0.3496663930489954
1802,0.3468175093061565
1803,0.3395664868855678
1804,0.345565627843838
1805,0.3568053447262002
1806,0.3442183690631952
1807,0.3324416806075921
1808,0.3390122843356534
1809,0.3425984341532734
1810,0.3421583149153678
1811,0.324642842219278
1812,0.3444489138849056
1813,0.3488789543492109
1814,0.3371722134009953
1815,0.3427501375677939
1816,0.3376870573621064
1817,0.3325987623425266
1818,0.3493916429741536
1819,0.3433963261956261
1820,0.3456800459990762
1821,0.3475138045073576
1822,0.3406567012006554
1823,0.3350980541395114
1824,0.3395166869411303
1825,0.3392708999869982
1826,0.3418710410231684
1827,0.3342042336554219
1828,0.3456180946073864
1829,0.3406400507367658
1830,0.3413439745481009
1831,0.3347174664930017
1832,0.3398372813178935
1833,0.3437295426441517
1834,0.3466693103406743
1835,0.3379352112900974
1836,0.3407794841881114
1837,0.3402637130686178
1838,0.3353000319529067
1839,0.3364618480076761
1840,0.3454101425324443
1841,0.3451718724476855
1842,0.3365153701528002
1843,0.3429458715289632
1844,0.3507793022214277
1845,0.3411068800063802
1846,0.3472477185557179
1847,0.3416560284030213
1848,0.3455058979929244
1849,0.3383336616990227
1850,0.3394505858099526
1851,0.3367183484278317
1852,0.3434918150130854
1853,0.3449649475884707
1854,0.3489701004614071
1855,0.3416277338593528
1856,0.3414565123679401
1857,0.3323404871414379
1858,0.3339413271787773
1859,0.3437260142909277
1860,0.3444548063316611
1861,0.3404429217117445
1862,0.334752361529325
1863,0.3464209418952033
1864,0.3470875722133583
1865,0.3368608695112418
1866,0.3433360192855346
1867,0.3397649370926446
1868,0.3353962909339973
1869,0.3463584021259869
1870,0.3331099715583829
1871,0.3393939077387328
1872,0.3406161640101313
1873,0.3419771317452112
1874,0.3498497333151456
1875,0.334786705416303
1876,0.3480518271442709
1877,0.3398663520729084
1878,0.3301811422144221
1879,0.3418084806781777
1880,0.3425869172237413
1881,0.3329250434767087
1882,0.3420845671060285
1883,0.3379730538166453
1884,0.3359022113862936
1885,0.3301630979910542
1886,0.3504979412399974
1887,0.3489693841943381
1888,0.3314428069402341
1889,0.3388222311027326
1890,0.3357351346625325
1891,0.3284280879745981
1892,0.350844025769412
1893,0.342689828738564
1894,0.3403025024305298
1895,0.3401062555893443
1896,0.3492662469009561
1897,0.3422905993539705
1898,0.3441335255980773
1899,0.3404093448416746
1900,0.3439549224599471
1901,0.3336262305376465
1902,0.3437703580329827
1903,0.3531687578651333
1904,0.3418125173106901
1905,0.3407755366532154
1906,0.3371985743748877
1907,0.3346236287758695
1908,0.3382059600186708
1909,0.3483033593645029
1910,0.3427673440580538
1911,0.3450375020646301
1912,0.335817593229033
1913,0.3496918106654068
1914,0.3310160352519191
1915,0.3407246378357959
1916,0.3434071946987621
1917,0.3425225509259604
1918,0.3370750730407909
1919,0.3472195857783785
1920,0.3414360948830364
1921,0.3320877035354423
1922,0.3332916631371613
1923,0.3331425602177155
1924,0.3280150215653157
1925,0.3413631269182647
1926,0.3385677109227062
1927,0.3408021951397584
1928,0.3401438632188316
1929,0.3439082505094966
1930,0.3504468552052899
1931,0.3459931874182991
1932,0.341501116012028
1933,0.3428796765094574
1934,0.3323460735336787
1935,0.3404933360256682
1936,0.3342864564565903
1937,0.337769227928294
1938,0.3267141641102296
1939,0.3354683742641625
1940,0.3431862340313369
1941,0.34435122206962
1942,0.3365537260707062
1943,0.3332639386464708
1944,0.330023500439632
1945,0.3430724238699366
1946,0.3398801563461959
1947,0.3419372278291401
1948,0.3302391998591868
1949,0.3490491282534595
1950,0.3390332350070651
1951,0.3388960939814666
1952,0.3344127133900789
1953,0.3367405688044829
1954,0.3366782332214127
1955,0.3404731640192104
1956,0.3411917071217947
1957,0.3402605343002029
1958,0.3476743774324294
1959,0.3411897297378057
1960,0.330825547404573
1961,0.3373910430849313
1962,0.3428574064733553
1963,0.3373267912451209
1964,0.3343829408829311
1965,0.3385887840730391
1966,0.3412525551494468
1967,0.3351036020339736
1968,0.3383584416035331
1969,0.3375710184192849
1970,0.3432255489891018
1971,0.3385567776273885
1972,0.3440779471212601
1973,0.3388547617962044
1974,0.3386216120041661
1975,0.3331332558029562
1976,0.331778232901564
1977,0.347934658658862
1978,0.3418216602536378
1979,0.3332486079167133
1980,0.3402087713685082
1981,0.3361050693658978
1982,0.3327857212735121
1983,0.3396476221468477
1984,0.3353214516040184
1985,0.3311450416856726
1986,0.3383635788490943
1987,0.3334752456228507
1988,0.345092557087824
1989,0.3392698782047843
1990,0.3392972497575932
1991,0.3375900846176468
1992,0.3460681895933308
1993,0.3279029979737765
1994,0.3384204608918464
1995,0.3350980351371992
1996,0.3379698190777825
1997,0.3330952233839112
1998,0.3357040516577164
1999,0.3295119548599218
2000,0.3288915455261823
2001,0.3324676948102179
2002,0.3344009250948694
2003,0.3302055497343411
2004,0.342414816256832
2005,0.3353897577422892
2006,0.3420771967936991
2007,0.340685585351913
2008,0.3371414792114613
2009,0.3363293355570539
2010,0.3484925088839922
2011,0.3302531866325422
2012,0.3349847082138651
2013,0.3397402088998701
2014,0.3236397344082727
2015,0.3435487762267835
2016,0.335659605945062
2017,0.3316336169414908
2018,0.3466476279933912
2019,0.3284891622711035
2020,0.3287919416317532
2021,0.3350346828470676
2022,0.3419717103868711
2023,0.344628289692642
2024,0.3397476047405988
2025,0.3338239918570884
2026,0.3359079654806997
2027,0.3383298492532046
2028,0.3320595612210485
2029,0.3327441323142392
2030,0.3338695772927101
2031,0.3299360094791729
2032,0.3281451434497128
2033,0.3310273791892976
2034,0.3377325864742231
2035,0.3479544271075881
2036,0.3292420424755538
2037,0.3353448879525622
2038,0.3287455527423216
2039,0.3322217543140778
2040,0.3383831538603837
2041,0.3374941670613051
2042,0.3413801070083778
2043,0.337516513773064
2044,0.3361855523205947
2045,0.329218041502508
2046,0.3396216455781586
2047,0.3447071901065791
2048,0.3318789835268209
2049,0.3381717435694889
2050,0.3447427922868913
2051,0.3299474461902156
2052,0.3339823828566184
2053,0.3429622788399139
2054,0.3392030421914469
2055,0.3308406575937427
2056,0.3255038283465204
2057,0.3300871990863673
2058,0.3415483124982998
2059,0.3358537416447043
2060,0.3385122117559952
2061,0.332207681873179
2062,0.3349198798249377
2063,0.3307735828344999
2064,0.333397024816975
2065,0.3390841072866986
2066,0.3272509498975973
2067,0.3422881497426596
2068,0.3431406100635554
2069,0.3296136927623502
2070,0.3218051554496515
2071,0.3354602637020994
2072,0.3328686655505158
2073,0.3382606895351479
2074,0.3332384407707605
2075,0.3375163814922359
2076,0.3317826136240483
2077,0.3269145391717059
2078,0.3286487848969583
2079,0.338448483549532
2080,0.3307816872614875
2081,0.3312609197641799
2082,0.3308597999603683
2083,0.3321881768980027
2084,0.3341788165730364
2085,0.3347027380189146
2086,0.320023359317281
2087,0.3325190174215423
2088,0.3326243974170974
2089,0.3283610579404632
2090,0.3342170648288964
2091,0.3327907107887237
2092,0.3322951823158318
2093,0.330260934302799
2094,0.3315060029810983
2095,0.3263696187874842
2096,0.3405832896941445
2097,0.3372076247474711
2098,0.333229247490407
2099,0.3292525569457257
2100,0.3360615081659371
2101,0.3315742809317086
2102,0.3366397098820389
2103,0.3340327798179101
2104,0.339249566421081
2105,0.3321068326395357
2106,0.3398642446284697
2107,0.3381426384688726
2108,0.3350251755710079
2109,0.3377748066284716
2110,0.3415130892961763
2111,0.3325664126899856
2112,0.335531215091253
2113,0.3339330415564585
2114,0.3343939450857906
2115,0.3366043018532831
2116,0.3324994014117057
2117,0.3456219847299973
2118,0.3386109455290382
2119,0.341404198902127
2120,0.3325885548977174
2121,0.3414534975369626
2122,0.3399825439008057
2123,0.3408631880871066
2124,0.3349632903923666
2125,0.338566883146406
2126,0.3301421267841515
2127,0.3236233052826006
2128,0.3206464280321341
2129,0.33770344551353
2130,0.3265621254196922
2131,0.3369101544812259
2132,0.3322884444573293
2133,0.3290736783299131
2134,0.3293877721576447
2135,0.3328261246616568
2136,0.3196746648525363
2137,0.333345384615504
2138,0.3301062485748891
2139,0.329477181036505
2140,0.3268774949116727
2141,0.3379383883738894
2142,0.3369920952940831
2143,0.333350626042022
2144,0.3334012814201926
2145,0.3282693591282321
2146,0.3249026388502948
2147,0.3216868464155223
2148,0.3311199125692146
2149,0.3271722120841732
2150,0.3367784437049001
2151,0.3334080387740296
2152,0.3351445282605642
2153,0.3360219464795931
2154,0.3338915013579465
2155,0.3427369790381273
2156,0.3331378799285932
2157,0.3306040403763378
2158,0.320043628763173
2159,0.3332356792090947
2160,0.341192060823803
2161,0.3312818178113673
2162,0.3264465170014997
2163,0.3279570219978627
2164,0.3373755947872528
2165,0.3318064913738918
2166,0.3321492393250689
2167,0.3382644227273282
2168,0.3321016139548547
2169,0.3318782676994568
2170,0.3363628792520417
2171,0.3358451823300367
2172,0.3334146455252546
2173,0.3344487998769074
2174,0.3196475918839247
2175,0.3250946970951762
2176,0.3264073837479675
2177,0.3283081901329118
2178,0.3344262271833551
2179,0.3274386185588872
2180,0.3299204576297061
2181,0.3267058415436927
2182,0.3332935785591644
2183,0.3285897733445566
2184,0.3232781806546901
2185,0.3313647962515967
2186,0.329442416033908
2187,0.3221912942672473
2188,0.3349443780974173
2189,0.3388008958399446
2190,0.3316530409943611
2191,0.335522399122155
2192,0.3308823202193683
2193,0.318102353309713
2194,0.3266849002834688
2195,0.325000527647497
2196,0.3318728815429085
2197,0.331753171413252
2198,0.3270072343920922
2199,0.3281780690878992
2200,0.3283623644705593
2201,0.3309387801966542
2202,0.3206657964779063
2203,0.3218863998788633
2204,0.3359078777341585
2205,0.3344082914282049
2206,0.33888988777474
2207,0.3281052183170321
2208,0.3369345492541428
2209,0.3294269991916661
2210,0.3264575832846573
2211,0.3420267495790656
2212,0.3364767450479446
2213,0.3314983953458498
2214,0.3200036855298209
2215,0.3306231825570608
2216,0.3198500889934363
2217,0.3334674723140594
2218,0.325918864980677
2219,0.3271498183508385
2220,0.3307952912829346
2221,0.319961727823191
2222,0.3425915592730341
2223,0.3321944968144543
2224,0.3304754639969723
2225,0.3337320595783734
2226,0.3362394492644517
2227,0.3257355958155801
2228,0.3280898731481514
2229,0.335744388623326
2230,0.3374682876400813
2231,0.3294273244350769
2232,0.3358920971364536
2233,0.3240995967992286
2234,0.325566757990075
2235,0.3283946267306147
2236,0.3250325065522309
2237,0.3204248844638757
2238,0.3246597776642856
2239,0.3269536148231785
2240,0.3275568364211105
2241,0.3275440066512718
2242,0.3273903988582545
2243,0.3233192628793455
2244,0.3243322693694768
2245,0.3328236793920522
2246,0.3302594858792377
2247,0.3239619537781791
2248,0.3270400687521703
2249,0.331019293342273
2250,0.330019586651215
2251,0.3227458130858467
2252,0.3229080832832655
2253,0.3333268699324966
2254,0.3246044318003362
2255,0.3312001243496208
2256,0.339060154493724
2257,0.3307546031052411
2258,0.327674515741544
2259,0.32693137963165
2260,0.3161003970783152
2261,0.3276825358903965
2262,0.3389129322910987
2263,0.3371334351613562
2264,0.327274830905583
2265,0.3337329849342351
2266,0.331233326995516
2267,0.3194094218975308
2268,0.3357464250748259
2269,0.3276226145837911
2270,0.3402001764431574
2271,0.3335994064340624
2272,0.3351941681082802
2273,0.3296546022857162
2274,0.3299626768921713
2275,0.3242190810406242
2276,0.3305188564162395
2277,0.3330377058018147
2278,0.3327883967183044
2279,0.323277594967045
2280,0.3296416852424593
2281,0.339457342593925
2282,0.3252296106596898
2283,0.3313872626025227
2284,0.3260855954302208
2285,0.3328068569380116
2286,0.3269916272396164
2287,0.3317262196361288
2288,0.3316724323184124
2289,0.3377145795235551
2290,0.3366932428873102
2291,0.3290070487995429
2292,0.3175849313774984
2293,0.3275035715343161
2294,0.3300335347763415
2295,0.3241498813876362
2296,0.3255843964542731
2297,0.3325574166452271
2298,0.3251320523845707
2299,0.3334589733590397
2300,0.325345643744756
2301,0.3366747221144829
2302,0.3296528496814466
2303,0.3316532387387833
2304,0.3293656463244581
2305,0.3313734043249061
2306,0.3211594833737556
2307,0.3356096687794244
2308,0.32625594352437
2309,0.3326925492271119
2310,0.3261419588388127
2311,0.3288803150317794
2312,0.3180348415997508
2313,0.3236431400025308
2314,0.3244297345411366
2315,0.3277990886446865
2316,0.3303038161282429
2317,0.3256965409861303
2318,0.3316102617319095
2319,0.3309841003098549
2320,0.3295188718773675
2321,0.3199545731243168
2322,0.3265442070959711
2323,0.3312881298294187
2324,0.326863830164615
2325,0.3275066731436335
2326,0.3250613831541215
2327,0.3266451896740234
2328,0.327492959947241
2329,0.333893493984214
2330,0.3307457996628545
2331,0.3300002526159614
2332,0.318827465826339
2333,0.3283179476113664
2334,0.3257552258399605
2335,0.3268831853834918
2336,0.3264547879153628
2337,0.3216344991035889
2338,0.3234148418764944
2339,0.319860916749396
2340,0.323006795653827
2341,0.3233661005554592
2342,0.3209707280992069
2343,0.3227543935634973
2344,0.320158590993304
2345,0.3194860720413388
2346,0.3240074734183125
2347,0.3178077726608033
2348,0.3220311656661754
2349,0.3145647991374218
2350,0.3207454942045182
2351,0.322048938097024
2352,0.3286589364140368
2353,0.3255742925631799
2354,0.3141365859210136
2355,0.3198005479358631
2356,0.3192397176636409
2357,0.3087949621812685
2358,0.322695459545112
2359,0.3142074039143144
2360,0.3152660756838488
2361,0.3250511934005815
2362,0.3286461861380068
2363,0.3362721393570829
2364,0.3259631655389749
2365,0.3271117157276194
2366,0.3277939047627919
2367,0.3169700288057194
2368,0.3194679005732864
2369,0.3207047080684477
2370,0.3231011027122812
2371,0.3215510343865551
2372,0.3312484854805929
2373,0.3193073499301982
2374,0.3219064735838106
2375,0.3230063718749501
2376,0.3320948431736452
2377,0.321005321018527
2378,0.3270647971323711
2379,0.319149219356806
2380,0.3272779009601005
2381,0.3304914409679206
2382,0.3236125099430395
2383,0.3259266500619335
2384,0.3240550617401
2385,0.3150812883617604
2386,0.32750639744105
2387,0.3218604392124812
2388,0.3249323062094196
2389,0.3118946510663796
2390,0.3255727138371156
2391,0.3247495472033651
2392,0.3209000057832308
2393,0.3205817115182381
2394,0.3151156472510465
2395,0.3186700572662382
2396,0.3318096930939962
2397,0.3307951790291489
2398,0.334614270830621
2399,0.3223425232090365
2400,0.3193929273193788
2401,0.3280243835105769
2402,0.3253532734314314
2403,0.3267954310966742
2404,0.3244718761868195
2405,0.3201053528518952
2406,0.3191346573250459
2407,0.317787987882867
2408,0.3285256795166902
2409,0.3287447137132762
2410,0.3281585679784108
2411,0.3291810133512255
2412,0.3254647487672569
2413,0.3208865121017097
2414,0.3306832482823802
2415,0.3161105420241711
2416,0.3184383018558091
2417,0.3313947760181454
2418,0.3236721132687803
2419,0.3218050501156794
2420,0.3203887084697418
2421,0.3256379168570364
2422,0.3203451187016202
2423,0.3230856089223398
2424,0.3259869473128912
2425,0.3205294517553417
2426,0.3176661402332635
2427,0.3279574415269921
2428,0.3269314306877499
2429,0.3212473182518693
2430,0.3265226659395438
2431,0.3225079336331924
2432,0.3230799098200946
2433,0.3269489422477785
2434,0.3265357405159301
2435,0.3152440451962978
2436,0.3134127898005612
2437,0.319054861869308
2438,0.3230093072600126
2439,0.3180124966387118
2440,0.3082788433361867
2441,0.3077971790983916
2442,0.3181002610471549
2443,0.3253653358721068
2444,0.3253052618282918
2445,0.3153420936673581
2446,0.3129792617367685
2447,0.3094124117714156
2448,0.3199659192406753
2449,0.3172631381274439
2450,0.322286895555499
2451,0.3340921020518557
2452,0.3119048024106163
2453,0.310682629361858
2454,0.3211584751127627
2455,0.3164424268618757
2456,0.3203701443174188
2457,0.3303832707956832
2458,0.3189272138153317
2459,0.3188924644312928
2460,0.3229596271739396
2461,0.3262444765087481
2462,0.3194225087830802
2463,0.3176677348984168
2464,0.3217134304303579
2465,0.3230235369951501
2466,0.3235081456790017
2467,0.3176372223392854
2468,0.3097468834647969
2469,0.3084576114937669
2470,0.3320590201248141
2471,0.3218310195138578
2472,0.3135807081747675
2473,0.3200578911756344
2474,0.3217827480045808
2475,0.3111963350162217
2476,0.3180459049151268
2477,0.3191363454579631
2478,0.3180026050723971
2479,0.327483914941397
2480,0.3252474891359433
2481,0.3153989726893713
2482,0.3163320423360249
2483,0.3260455270675805
2484,0.3116420020428853
2485,0.3154870009507448
2486,0.3134632170681712
2487,0.3286310999443965
2488,0.3122857974814349
2489,0.3182702216070808
2490,0.3182185374590047
2491,0.3153449672597431
2492,0.310755906830309
2493,0.3152430214434312
2494,0.3075378741871978
2495,0.3158758381148062
2496,0.3186735575355892
2497,0.3184234332343431
2498,0.318122643201628
2499,0.3057458794251625
2500,0.3072674331716511
2501,0.3089497900525469
2502,0.3139289612717874
2503,0.309717456187669
2504,0.3216256192301489
2505,0.322925885261868
2506,0.3199158824920732
2507,0.3132579751873269
2508,0.3200119175494628
2509,0.3185265889191773
2510,0.3160123515652839
2511,0.3161373800876294
2512,0.3033496870643861
2513,0.3114082151910043
2514,0.3179058419403662
2515,0.3207026730471976
2516,0.3285425963213227
2517,0.3220549812119396
2518,0.3224844249479488
2519,0.3222411697867096
2520,0.3151382003225131
2521,0.3148007411819494
2522,0.3157166638582132
2523,0.3197799513417754
2524,0.3196188229308834
2525,0.3139572184306571
2526,0.3231967672675465
2527,0.3112451948422401
2528,0.3231910453789844
2529,0.3205336689348523
2530,0.3082983202653567
2531,0.3178109088390266
2532,0.3209422252250709
2533,0.3131581100768077
2534,0.3151419711098855
2535,0.3172718118882139
2536,0.3167099952988256
2537,0.3128607742900561
2538,0.3173507809318356
2539,0.3190890460233396
2540,0.3210128761229625
2541,0.324837906822424
2542,0.3126330197591233
2543,0.3164713478051782
2544,0.3100704959747053
2545,0.3135149839437647
2546,0.3170844166117929
2547,0.3240813398385385
2548,0.330668749118905
2549,0.3174429659002627
2550,0.3303054810802948
2551,0.3152204904657316
2552,0.3242102281074124
2553,0.3167361142740534
2554,0.3098358027410848
2555,0.3172900771884061
2556,0.3091709703638715
2557,0.3170651478185112
2558,0.3138624712878645
2559,0.3108155088195051
2560,0.3111824704761643
2561,0.3153918484290167
2562,0.3153789957069338
2563,0.3205469536223255
2564,0.3218508301086155
2565,0.3153948259279507
2566,0.3159432686921711
2567,0.3177886403073308
2568,0.3185217507935635
2569,0.3213368399481144
2570,0.3170324106178825
2571,0.322676336817855
2572,0.319521598625311
2573,0.318637996891479
2574,0.3150110657034914
2575,0.3202777926995674
2576,0.3106483668179983
2577,0.3140085855264406
2578,0.3161970358040739
2579,0.3150548369097897
2580,0.3110414778620554
2581,0.3182338423703008
2582,0.3134271697435734
2583,0.3126052337548593
2584,0.3202133242093477
2585,0.3105368151647709
2586,0.307725728077976
2587,0.3096721147194745
2588,0.3105673777963303
2589,0.3053395147517889
2590,0.3106052647559193
2591,0.3177953022502055
2592,0.3144401613009169
2593,0.3154611665143353
2594,0.3020809672933749
2595,0.3205383846808408
2596,0.3161319517389404
2597,0.317175101690241
2598,0.307499583141552
2599,0.3060138349377562
2600,0.3120680279240385
2601,0.3085304822227984
2602,0.3146658866941337
2603,0.3151436705163248
2604,0.323703095325307
2605,0.302466411046447
2606,0.3158433171055271
2607,0.3169738576053616
2608,0.2989177599765598
2609,0.3112791799823224
2610,0.3061902397252901
2611,0.3146381356166896
2612,0.321218566002548
2613,0.3060236432225926
2614,0.3104954198924117
2615,0.3087008872844156
2616,0.3052740590409105
2617,0.3154697480213294
2618,0.315723430432882
2619,0.3164870302310818
2620,0.314747451268664
2621,0.3025378231769233
2622,0.3155072874355545
2623,0.3135269404098462
2624,0.3025737104522681
2625,0.3107879530821366
2626,0.3105743121943651
2627,0.3113080359210792
2628,0.3169393705993146
2629,0.3174849845756555
2630,0.3141862983954022
2631,0.3133295291005988
2632,0.3233000644596233
2633,0.3174959636705249
2634,0.3087469050260943
2635,0.3102064610288715
2636,0.3202848088729053
2637,0.3164506651032124
2638,0.31901528728755
2639,0.3157444093833035
2640,0.3036962296723077
2641,0.307018530381224
2642,0.3085324899984499
2643,0.314645982641221
2644,0.3112651964736065
2645,0.3076985290619851
2646,0.3201393094754761
2647,0.3062073726428894
2648,0.3178384936090275
2649,0.3221617489992032
2650,0.3138832362273873
2651,0.3123855207875674
2652,0.3080206187786392
2653,0.3082440216825101
2654,0.3025066015502428
2655,0.3005547792750905
2656,0.308142796737313
2657,0.3168352225277561
2658,0.3178138950036105
2659,0.3094068786502376
2660,0.3061484858102464
2661,0.3068607779357312
2662,0.3056588999158828
2663,0.3087100755822866
2664,0.3091014915819414
2665,0.3131117800778453
2666,0.3058570601607465
2667,0.3085628321455387
2668,0.3165140041520634
2669,0.3170742537659597
2670,0.309918119775677
2671,0.309748188270123
2672,0.3107776612748816
2673,0.3128011181686699
2674,0.3081418560617155
2675,0.3160055367845616
2676,0.3045351096774638
2677,0.3054976903499806
2678,0.3069354119722848
2679,0.3032421395495051
2680,0.3031330287972515
2681,0.3009289335890827
2682,0.3096991179906633
2683,0.3104218662537719
2684,0.3075844267406271
2685,0.2975791718158852
2686,0.311952864340103
2687,0.2978634848106999
2688,0.3057758760028944
2689,0.3079784425203136
2690,0.3011381274465909
2691,0.2987045697320479
2692,0.3005615606626872
2693,0.3028984603546214
2694,0.3097339657767685
2695,0.3026494427108543
2696,0.3110165520097983
2697,0.3113384416646398
2698,0.3055164516139161
2699,0.3003655473837446
2700,0.3027999076254726
2701,0.3047123284538389
2702,0.3056828575765557
2703,0.3118918275323257
2704,0.3036286029388829
2705,0.3026853868368055
2706,0.3072541437422897
2707,0.3070719920882152
2708,0.3101247061684598
2709,0.311582183060994
2710,0.3142880093302362
2711,0.3129778244944523
2712,0.3013432443306827
2713,0.3032155686381804
2714,0.3076535019776847
2715,0.3075235551545484
2716,0.2995690355918278
2717,0.309344169752579
2718,0.2885207190875175
2719,0.3124186720040431
2720,0.3068943822507569
2721,0.30497321823267
2722,0.3137119001309861
2723,0.3173954836808051
2724,0.304419329246724
2725,0.3070360903444551
2726,0.3103823932639046
2727,0.3086933696700111
2728,0.2953830254124101
2729,0.3031717491691157
2730,0.3093417131109813
2731,0.306290885611504
2732,0.2999073112256446
2733,0.3047279347996796
2734,0.3089413560483389
2735,0.2974186205129951
2736,0.3156223261783644
2737,0.3050264599824773
2738,0.3000511615385139
2739,0.2997316489126243
2740,0.3071096633196218
2741,0.3042629889367261
2742,0.3059008904725959
2743,0.318534919714099
2744,0.3095779883415388
2745,0.3080455491306298
2746,0.3052282428501039
2747,0.3026580603830792
2748,0.3096488004342781
2749,0.3053934792952634
2750,0.3084809433919895
2751,0.3119816150640601
2752,0.3073971138033535
2753,0.3074066504344234
2754,0.29846092002871
2755,0.3127790813055033
2756,0.3042892356798245
2757,0.3082889318134013
2758,0.30119461841198
2759,0.3031870974492821
2760,0.3014693911358536
2761,0.3069940748249788
2762,0.306110616597091
2763,0.3023872548854133
2764,0.3039040409868564
2765,0.3102826224239001
2766,0.3107513131735269
2767,0.3018622420379421
2768,0.311395717560472
2769,0.3096787780811618
2770,0.306513531480932
2771,0.3044011153382209
2772,0.3082343403521581
2773,0.3016889653180555
2774,0.2954082686516777
2775,0.2996127534529337
2776,0.2979369583951711
2777,0.3139611041028446
2778,0.3013729390076246
2779,0.3037780512873186
2780,0.303091095153364
2781,0.3014647635383025
2782,0.2993664531333589
2783,0.299011753752299
2784,0.3083745765469707
2785,0.2935922269914592
2786,0.2985721749907524
2787,0.3086754045215513
2788,0.3074993200356806
2789,0.3115116248168967
2790,0.3061458753594356
2791,0.3033786601724005
2792,0.2984223885349172
2793,0.3045473214344241
2794,0.3003523176168636
2795,0.2990137587110209
2796,0.3033897022793134
2797,0.3102979479188626
2798,0.2928188577810486
2799,0.3058236418470307
2800,0.3007584512513379
2801,0.3028797152506579
2802,0.2958788799670052
2803,0.300773416997469
2804,0.3051613021959877
2805,0.3055753636500911
2806,0.3073620253281656
2807,0.3065498539743004
2808,0.3155522605390139
2809,0.3013290562997063
2810,0.317526318930235
2811,0.3097773564025182
2812,0.3024808965677739
2813,0.3032382799413748
2814,0.3052442355481957
2815,0.3132629192555618
2816,0.3112585003502618
2817,0.3134782827348805
2818,0.3089123769887124
2819,0.3064210007806124
2820,0.3021957928222434
2821,0.3048390173519629
2822,0.3017951512479943
2823,0.3034106784614631
2824,0.307628883330785
2825,0.3109222075629278
2826,0.3069519100753906
2827,0.3019822965599004
2828,0.2976498653008004
2829,0.3034569944205643
2830,0.3074796201126841
2831,0.2965611337330269
2832,0.2938368996531351
2833,0.3000900328179908
2834,0.3067889570811898
2835,0.3079838655354672
2836,0.3044058857849322
2837,0.3045670227149508
2838,0.2983138640418477
2839,0.3101747701710914
2840,0.3105801099651805
2841,0.3029274138877989
2842,0.3026044450588691
2843,0.3012331814664804
2844,0.2964054310974047
2845,0.307471000077843
2846,0.3049899997594051
2847,0.3016975781699547
2848,0.3135178672392949
2849,0.3084293248779118
2850,0.3091117154650515
2851,0.3135601204646057
2852,0.3018338301744281
2853,0.2924827851423579
2854,0.3161940181036589
2855,0.3087792148596313
2856,0.3109921415602451
2857,0.3091439436018001
2858,0.2979027635334287
2859,0.2974931371833841
2860,0.303042896934953
2861,0.31378768729253
2862,0.2971427678144442
2863,0.2955715178325396
2864,0.3051810086593136
2865,0.2959961371314517
2866,0.3029115473225681
2867,0.3056239199387053
2868,0.3001391713481111
2869,0.2968829612405591
2870,0.3012381765860115
2871,0.2976955530790147
2872,0.3107409113286186
2873,0.295739595475432
2874,0.2984081328532836
2875,0.2974478642288453
2876,0.290794884195222
2877,0.2917751708042932
2878,0.3049839720025006
2879,0.2995267158810613
2880,0.3080551714488905
2881,0.3039246921006623
2882,0.3060126331287401
2883,0.300534720607074
2884,0.301503263731107
2885,0.2918585054641212
2886,0.2917833779712222
2887,0.2979700374446318
2888,0.3069022955509771
2889,0.2920265365198696
2890,0.2968883198000652
2891,0.2967244881052876
2892,0.3055178198373722
2893,0.3017410344805684
2894,0.2930678194413705
2895,0.2950019582114549
2896,0.2967744181079493
2897,0.2938804698179545
2898,0.3052656814820433
2899,0.3001556090881428
2900,0.3009087502594464
2901,0.2969385417980824
2902,0.3057223995328472
2903,0.2967528615985784
2904,0.2952912400118504
2905,0.3034849863527484
2906,0.3055820358322149
2907,0.2999925978308501
2908,0.3103848841650572
2909,0.3036036321725436
2910,0.2991815657716505
2911,0.3004331422698462
2912,0.3133225493195977
2913,0.3101841586985143
2914,0.3022110202082141
2915,0.2990655473156254
2916,0.29846627341885
2917,0.2990423530112596
2918,0.3042123214282932
2919,0.3000402353475677
2920,0.3085403697671938
2921,0.3013658338594075
2922,0.2939647195078441
2923,0.2992520735467634
2924,0.2997415336544485
2925,0.3037683212146425
2926,0.3002306106951466
2927,0.2967453636011045
2928,0.2948196876784442
2929,0.3026619573454324
2930,0.306620303403644
2931,0.3013622941049127
2932,0.2946174675640631
2933,0.2955448764305128
2934,0.2946474034787532
2935,0.2973131294618616
2936,0.2979739651568681
2937,0.3044539148715087
2938,0.2902782665417322
2939,0.3000613499844863
2940,0.2950305149816565
2941,0.2909120930363169
2942,0.2947245853692185
2943,0.2900061116175459
2944,0.2929495694165369
2945,0.2950893065323108
2946,0.2981864066295778
2947,0.2938043058543803
2948,0.3034606068681766
2949,0.2998697719313836
2950,0.2854686885419845
2951,0.3017861714231775
2952,0.2926286921541386
2953,0.2895262167592491
2954,0.2959045280752389
2955,0.3051403068091409
2956,0.2967446050254284
2957,0.2968237695330987
2958,0.2974186238174818
2959,0.2982023212616875
2960,0.2859422730317721
2961,0.298185318151919
2962,0.3040062943608161
2963,0.295390348784405
2964,0.3023339644769152
2965,0.3049956868492129
2966,0.2980090120090663
2967,0.2997745088531015
2968,0.3072518060618817
2969,0.2947608358074822
2970,0.2963073285539948
2971,0.293540238926749
2972,0.3073700394605125
2973,0.304339883770211
2974,0.2986980010182362
2975,0.2881236473142804
2976,0.2946719492370705
2977,0.3066577803282415
2978,0.2989786779557203
2979,0.2993499406066224
2980,0.296756837749836
2981,0.3029449036914956
2982,0.2958486400525615
2983,0.3068632446563319
2984,0.2907488186561845
2985,0.3017815839558392
2986,0.3005476644305642
2987,0.3022680219448087
2988,0.3034234898971329
2989,0.2899695262449501
2990,0.295928903214269
2991,0.2933269376866687
2992,0.2861836811000491
2993,0.2948172762935431
2994,0.3010364476179545
2995,0.2968645112449652
2996,0.3028848799261854
2997,0.3020852018287149
2998,0.2951222812656381
2999,0.2876297781834376
3000,0.2923755021691666
3001,0.2976794798229442
3002,0.3000121493612419
3003,0.2994577456506754
3004,0.2976500247589047
3005,0.2918495572299688
3006,0.2980482700148488
3007,0.2970163452926734
3008,0.2975396992086092
3009,0.3043760727597884
3010,0.2977754029132025
3011,0.2970947712701926
3012,0.2979912697985689
3013,0.2984005191110225
3014,0.3026729509525099
3015,0.3054724242392492
3016,0.3102269279318638
3017,0.2935469793723464
3018,0.3122515539604906
3019,0.2918728953596385
3020,0.2991772005004388
3021,0.2959363301810399
3022,0.3083681686157669
3023,0.2995244519392221
3024,0.2910608943716658
3025,0.2949321347551993
3026,0.2999606879567054
3027,0.2973457402835258
3028,0.3006291977494302
3029,0.3002766054093482
3030,0.2961202921658069
3031,0.2958142779755292
3032,0.2897703092931468
3033,0.2969186666443094
3034,0.3035332980543195
3035,0.2931569427384655
3036,0.2892958358369527
3037,0.2894998103247747
3038,0.295107986482404
3039,0.2962626956484817
3040,0.2868382154108264
3041,0.3028819651517414
3042,0.2977628918085262
3043,0.2909801151143534
3044,0.296541626472017
3045,0.3016848075279753
3046,0.2936262998608471
3047,0.2954223293658927
3048,0.2949161681827471
3049,0.3012889660003676
3050,0.289806427390729
3051,0.2931400648778778
3052,0.2901985214677684
3053,0.2955207648083505
3054,0.2968186609868865
3055,0.3059440247702296
3056,0.2972839796310778
3057,0.3003117053973329
3058,0.2904666303335559
3059,0.2894139823612484
3060,0.3055756309968587
3061,0.2980059491749123
3062,0.3032001315552602
3063,0.29175792529341
3064,0.296869625457879
3065,0.2980165789330233
3066,0.290055424776713
3067,0.3005246721536019
3068,0.2930575541924241
3069,0.2852590745355319
3070,0.2938679818753165
3071,0.2927541397342261
3072,0.2962347302857301
3073,0.2942258086337964
3074,0.2970256859692796
3075,0.2979238293102909
3076,0.2900181081554875
3077,0.2886083984290678
3078,0.2833823330089093
3079,0.2904614555391438
3080,0.2922275645057066
3081,0.285581682579458
3082,0.2896776363555954
3083,0.2963677955980455
3084,0.2939899700752209
3085,0.2818561184824897
3086,0.2973583975207318
3087,0.2882129444402557
3088,0.2876650689643608
3089,0.2957444201920068
3090,0.2977979097575969
3091,0.2896931678245375
3092,0.2922943464977537
3093,0.2920196208207986
3094,0.298460545379543
3095,0.2881103311676086
3096,0.2915262208076701
3097,0.2968373359141159
3098,0.2910569347409599
3099,0.2896955545026939
3100,0.2822325580337246
3101,0.2949516646184336
3102,0.2890957918514892
3103,0.2857108583143086
3104,0.2883521638883988
3105,0.2911625473796029
3106,0.2932371609770939
3107,0.2992427263977723
3108,0.2985537355815709
3109,0.2987657855890284
3110,0.2925015103616316
3111,0.2865637808705964
3112,0.3001152763696169
3113,0.2821446511138274
3114,0.2942474450403843
3115,0.2895148104509634
3116,0.2932933260386036
3117,0.2919989136358414
3118,0.2911834763813181
3119,0.2964210112892155
3120,0.2925163792019077
3121,0.2889036160853601
3122,0.2850892799964711
3123,0.2981047718641113
3124,0.2903898378236915
3125,0.2899371790616437
3126,0.285746431400571
3127,0.2889327799510469
3128,0.2948693492642866
3129,0.2843015654234499
3130,0.2845461668037352
3131,0.2883445512283001
3132,0.2757745915662272
3133,0.2872312367666503
3134,0.2888359274906442
3135,0.2909639313375118
3136,0.2829470728691212
3137,0.2913673522876144
3138,0.2907245633578199
3139,0.2908574648759034
3140,0.2970163288342826
3141,0.2890576314921239
3142,0.2888344396402563
3143,0.2833336210353201
3144,0.3012310261683206
3145,0.2813571240261504
3146,0.2884042639000601
3147,0.2899054075541037
3148,0.2974635957318146
3149,0.2809632298133481
3150,0.2962023457957237
3151,0.2936634276918113
3152,0.2900307893696676
3153,0.2864707162480227
3154,0.2942349250666343
3155,0.2868929651560383
3156,0.2919435248408507
3157,0.2881193150203973
3158,0.2945903310216393
3159,0.2878275276149643
3160,0.2841164373604053
3161,0.3003953854839329
3162,0.2914026092617022
3163,0.2825826445049123
3164,0.2822467268688931
3165,0.2934425991025383
3166,0.3026485975747709
3167,0.2956087991112825
3168,0.2892439383888489
3169,0.2968025289165174
3170,0.2897614644839813
3171,0.2877909005617675
3172,0.2944992692912066
3173,0.2895891963038642
3174,0.2947502455194676
3175,0.2826369357531444
3176,0.3002544317373653
3177,0.288094209702316
3178,0.2944296203526875
3179,0.2902354806939225
3180,0.276472997140744
3181,0.296869172746424
3182,0.28476872064852
3183,0.29387886914341
3184,0.2838788302999191
3185,0.2921160517113415
3186,0.2829696457892963
3187,0.2863026432324881
3188,0.2995015350557386
3189,0.285805189460179
3190,0.2893277208043635
3191,0.2920368147154236
3192,0.2973814949255116
3193,0.2762675829893521
3194,0.2889275904365025
3195,0.2931848020484445
3196,0.2886000361222617
3197,0.2913068433445659
3198,0.2921684334900867
3199,0.2834729491059461
3200,0.2899492483153678
3201,0.2851500656876504
3202,0.2885336772208959
3203,0.2975973761390724
3204,0.2964731374705796
3205,0.2857704701816012
3206,0.2878563240713517
3207,0.2800917729702958
3208,0.2897221654803057
3209,0.2863932843470311
3210,0.284426578981439
3211,0.2914637387820035
3212,0.2818616979055597
3213,0.2920556883768726
3214,0.2873699772094976
3215,0.2912666284977476
3216,0.2776895554623926
3217,0.2955116974074856
3218,0.2826247607859408
3219,0.2756299176053288
3220,0.283058500449739
3221,0.2901508280488144
3222,0.2912275334171885
3223,0.2958462598029178
3224,0.2933728220662441
3225,0.2966364303218575
3226,0.2949369996726923
3227,0.2783068565454731
3228,0.2949784395037474
3229,0.2848790711683137
3230,0.2851693515369722
3231,0.2873434337743317
3232,0.2920544723857465
3233,0.2866689632675991
3234,0.2835547116363707
3235,0.2930650921007405
3236,0.2900730060726725
3237,0.2996770701642774
3238,0.2872029304223574
3239,0.2841326191666045
3240,0.2923203102633147
3241,0.2942872330055659
3242,0.288937124387943
3243,0.3043882721857749
3244,0.2891798321223176
3245,0.2816947765366193
3246,0.2847877576316469
3247,0.2841496331511279
3248,0.2903987978117704
3249,0.2942605938667617
3250,0.294051176235609
3251,0.2956538320319155
3252,0.279663061235344
3253,0.2854783854985945
3254,0.2969197818044031
3255,0.291257576027776
3256,0.2925540334614699
3257,0.2899252484504107
3258,0.2798234577240539
3259,0.2871840674234273
3260,0.2794273436319376
3261,0.2833844225535934
3262,0.2775183645709354
3263,0.2838399894125673
3264,0.2741155386617026
3265,0.2792083322368412
3266,0.2908256678072251
3267,0.2862951095657043
3268,0.2860808030881548
3269,0.287134917982364
3270,0.2855026689653586
3271,0.2793045596653249
3272,0.2754225218922155
3273,0.283566972222634
3274,0.294497251270482
3275,0.2821949431836514
3276,0.2817021843608531
3277,0.2871162864874337
3278,0.2924903512044172
3279,0.2988615821302852
3280,0.2804408837559367
3281,0.2882958039097234
3282,0.2806839205895284
3283,0.2886957437355673
3284,0.2869106744804152
3285,0.2870932026348605
3286,0.2832647645326748
3287,0.2865622926524425
3288,0.2892004960807332
3289,0.2889316866296303
3290,0.2874476986994677
3291,0.2728846239616834
3292,0.28981214295903
3293,0.2748669736007029
3294,0.2879948099795432
3295,0.2799645121470994
3296,0.2798932836794977
3297,0.2777460960860307
3298,0.2811569942823932
3299,0.2802653148704644
3300,0.2845698103555553
3301,0.2839944122129678
3302,0.2783955602962858
3303,0.2787691217748447
3304,0.277655258505205
3305,0.2773881486304967
3306,0.2767937126868923
3307,0.2815403854773897
3308,0.2886118179368226
3309,0.2773750331440128
3310,0.2937892859286478
3311,0.2805059565438133
3312,0.2832833788723735
3313,0.2845986688364465
3314,0.2888447402413469
3315,0.2753184252275923
3316,0.2850413880148855
3317,0.2903493307891003
3318,0.285690022298162
3319,0.288451867322752
3320,0.2825365979758377
3321,0.273196513603997
3322,0.2801496895634305
3323,0.2815831962382613
3324,0.2760901184441879
3325,0.2838954857583953
3326,0.2841134699084749
3327,0.2698345879069055
3328,0.2872120969185255
3329,0.2769965933903517
3330,0.2753025143651192
3331,0.2863460501151229
3332,0.2816086455619903
3333,0.2799584283196868
3334,0.279136392653581
3335,0.2839214764809482
3336,0.2826661937890786
3337,0.2776924896397666
3338,0.2829050819876014
3339,0.2794049768121578
3340,0.2862980750545181
3341,0.2790216762336887
3342,0.2855857521533562
3343,0.2848431184292322
3344,0.2829360521972689
3345,0.2807866159168807
3346,0.2843165900342675
3347,0.2794985638166248
3348,0.2940325170973611
3349,0.2869474164960687
3350,0.2776969013168159
3351,0.2741569923091211
3352,0.2786259875690708
3353,0.2820020988904884
3354,0.2834130044065154
3355,0.2840204799718953
3356,0.2766280299871267
3357,0.2835127488118537
3358,0.2851903704385632
3359,0.2861668482939054
3360,0.2867672240205099
3361,0.28446212703092
3362,0.2808856617399227
3363,0.2860356885910041
3364,0.2838337598949879
3365,0.2770515647366264
3366,0.2797247930392215
3367,0.28517307005164
3368,0.2884785295967527
3369,0.2864838871291986
3370,0.2789004967016406
3371,0.2781811612412467
3372,0.2804429274984843
3373,0.2819187961360434
3374,0.2722726423918168
3375,0.2850810786303437
3376,0.2882910508511167
3377,0.278528791496089
3378,0.2834762031310378
3379,0.2766175434972323
3380,0.2865348265667005
3381,0.2814745014985492
3382,0.2825455690911464
3383,0.2771275012759413
3384,0.2786399829094076
3385,0.2791899945939771
3386,0.2804960507920354
3387,0.2823134065660931
3388,0.2826494583244902
3389,0.281898465199498
3390,0.281774825487168
3391,0.2889871753305316
3392,0.286875283770095
3393,0.2894770060757576
3394,0.2823223208709703
3395,0.2827535025437655
3396,0.2886708253007608
3397,0.2811720646239521
3398,0.2779268060217538
3399,0.2896012499549832
3400,0.2875946905785168
3401,0.2812552688506033
3402,0.2770624067930943
3403,0.2787572764399564
3404,0.2806438991428986
3405,0.289908560147009
3406,0.2855902042011396
3407,0.2804659026375329
3408,0.2849767819284547
3409,0.2849873535446285
3410,0.2810013982594537
3411,0.2830864535298479
3412,0.2895800958368765
3413,0.2789785703642977
3414,0.2790387202300686
3415,0.2789812915964839
3416,0.2813156907938992
3417,0.2784378542144978
3418,0.2728899389394929
3419,0.2773497214547544
3420,0.2841563611252818
3421,0.2806399590072216
3422,0.2749594969906637
3423,0.2788081633619788
3424,0.290809151665341
3425,0.2770266167905923
3426,0.2887190958812728
3427,0.2732945876601522
3428,0.2791244876715195
3429,0.2826636642381861
3430,0.2841198035083933
3431,0.2796079353967857
3432,0.2784145817153817
3433,0.2754612232736925
3434,0.269137315127833
3435,0.2799485033463886
3436,0.2785294207753624
3437,0.2814969028983079
